{
  "meta": {
    "signal1_sources": [
      "pp",
      "Be7_384",
      "Be7_861",
      "pep",
      "N13",
      "O15",
      "F17",
      "8B",
      "hep"
    ],
    "target": "Xe",
    "detector": "Xe1t",
    "channel": "NR",
    "Er_window_i": 3.0,
    "Er_window_f": 6.0,
    "D_tonne": 100.0,
    "dt_day": 15.0,
    "T_yr": 10.0,
    "P_day": 365.25,
    "t01_day": 3.0,
    "t02_day": 152.5,
    "bias_mod1_counts_sig1only": 0.1163806533622615,
    "bias_phase1_deg_sig1only": -4.978376963923958,
    "N_toys": 1000,
    "noise_type": "poisson",
    "seed": 42
  },
  "data": [
    {
      "m_chi_GeV": 10000.0,
      "mod2_true_rate": -0.0027507859143063346,
      "R2_wimp": 0.0847834254953434,
      "mod2_true_counts": -0.011296862071073244,
      "median_mod2_fit_counts": 0.18413665014692104,
      "mean_Phase2_fit_rad": 5.90361016523213,
      "std_Phase2_fit_rad": 2.3981779505431686,
      "bias_mod1_counts": 0.11646230681257855,
      "bias_phase1_deg": -1.9191435642070307,
      "Ad1_nu": 0.03342,
      "R1_nu": 0.8075354246195975,
      "N1_nu_in_bin": 3.3163672468977308
    },
    {
      "m_chi_GeV": 1000.0,
      "mod2_true_rate": -0.002750660693868999,
      "R2_wimp": 0.08572970558964521,
      "mod2_true_counts": -0.011296347818763859,
      "median_mod2_fit_counts": 0.18413665014692104,
      "mean_Phase2_fit_rad": 5.90361016523213,
      "std_Phase2_fit_rad": 2.3981779505431686,
      "bias_mod1_counts": 0.11646230681257855,
      "bias_phase1_deg": -1.9191435642070307,
      "Ad1_nu": 0.03342,
      "R1_nu": 0.8075354246195975,
      "N1_nu_in_bin": 3.3163672468977308
    },
    {
      "m_chi_GeV": 100.0,
      "mod2_true_rate": -0.002463856642542017,
      "R2_wimp": 0.09316920110983552,
      "mod2_true_counts": -0.010118507772246476,
      "median_mod2_fit_counts": 0.18795243053575017,
      "mean_Phase2_fit_rad": 5.4036801735926305,
      "std_Phase2_fit_rad": 2.5492692038405163,
      "bias_mod1_counts": 0.11735869595875267,
      "bias_phase1_deg": -4.35868447042464,
      "Ad1_nu": 0.03342,
      "R1_nu": 0.8075354246195975,
      "N1_nu_in_bin": 3.3163672468977308
    },
    {
      "m_chi_GeV": 20.0,
      "mod2_true_rate": 0.008301760093306803,
      "R2_wimp": 0.7632608179230174,
      "mod2_true_counts": 0.03409347060906285,
      "median_mod2_fit_counts": 0.19343905131432193,
      "mean_Phase2_fit_rad": 2.772918761319641,
      "std_Phase2_fit_rad": 1.8629194949135095,
      "bias_mod1_counts": 0.10062247033003044,
      "bias_phase1_deg": 8.808848798403048,
      "Ad1_nu": 0.03342,
      "R1_nu": 0.8075354246195975,
      "N1_nu_in_bin": 3.3163672468977308
    },
    {
      "m_chi_GeV": 30.0,
      "mod2_true_rate": 0.000699305821697311,
      "R2_wimp": 0.2346235376775264,
      "mod2_true_counts": 0.0028718924915700655,
      "median_mod2_fit_counts": 0.18716434328193893,
      "mean_Phase2_fit_rad": 5.058186097841137,
      "std_Phase2_fit_rad": 3.008201797192635,
      "bias_mod1_counts": 0.11307414718605652,
      "bias_phase1_deg": -3.159930966558315,
      "Ad1_nu": 0.03342,
      "R1_nu": 0.8075354246195975,
      "N1_nu_in_bin": 3.3163672468977308
    },
    {
      "m_chi_GeV": 40.0,
      "mod2_true_rate": -0.0010590067345632626,
      "R2_wimp": 0.15071579521348336,
      "mod2_true_counts": -0.004349103632703337,
      "median_mod2_fit_counts": 0.1856921057712369,
      "mean_Phase2_fit_rad": 4.434890095791914,
      "std_Phase2_fit_rad": 3.1247117889053375,
      "bias_mod1_counts": 0.11149605276178215,
      "bias_phase1_deg": -0.8181907035110213,
      "Ad1_nu": 0.03342,
      "R1_nu": 0.8075354246195975,
      "N1_nu_in_bin": 3.3163672468977308
    },
    {
      "m_chi_GeV": 5000.0,
      "mod2_true_rate": -0.0027574192461837493,
      "R2_wimp": 0.1188721661029599,
      "mod2_true_counts": -0.011324103680426075,
      "median_mod2_fit_counts": 0.18453454549409937,
      "mean_Phase2_fit_rad": 5.975592295805009,
      "std_Phase2_fit_rad": 2.4443086407950574,
      "bias_mod1_counts": 0.1162948364772591,
      "bias_phase1_deg": -1.0548206496086336,
      "Ad1_nu": 0.03342,
      "R1_nu": 0.8075354246195975,
      "N1_nu_in_bin": 3.3163672468977308
    },
    {
      "m_chi_GeV": 500.0,
      "mod2_true_rate": -0.002690548331198847,
      "R2_wimp": 0.0850878692320746,
      "mod2_true_counts": -0.011049479799584587,
      "median_mod2_fit_counts": 0.18412028690386087,
      "mean_Phase2_fit_rad": 5.851223168547622,
      "std_Phase2_fit_rad": 2.3952378605784688,
      "bias_mod1_counts": 0.11675142596397761,
      "bias_phase1_deg": -2.479573791574897,
      "Ad1_nu": 0.03342,
      "R1_nu": 0.8075354246195975,
      "N1_nu_in_bin": 3.3163672468977308
    },
    {
      "m_chi_GeV": 50.0,
      "mod2_true_rate": -0.0017150131265226166,
      "R2_wimp": 0.08503095494402808,
      "mod2_true_counts": -0.0070431750575877475,
      "median_mod2_fit_counts": 0.18939669512607948,
      "mean_Phase2_fit_rad": 0.619036918499485,
      "std_Phase2_fit_rad": 2.742911428394037,
      "bias_mod1_counts": 0.11384053013150819,
      "bias_phase1_deg": -2.566218142115143,
      "Ad1_nu": 0.03342,
      "R1_nu": 0.8075354246195975,
      "N1_nu_in_bin": 3.3163672468977308
    },
    {
      "m_chi_GeV": 60.0,
      "mod2_true_rate": -0.002037388206891765,
      "R2_wimp": 0.108092985531652,
      "mod2_true_counts": -0.008367097358898418,
      "median_mod2_fit_counts": 0.18826386915195742,
      "mean_Phase2_fit_rad": 2.5896817071280918,
      "std_Phase2_fit_rad": 2.8531652978998747,
      "bias_mod1_counts": 0.11005669225429326,
      "bias_phase1_deg": -1.928677066793482,
      "Ad1_nu": 0.03342,
      "R1_nu": 0.8075354246195975,
      "N1_nu_in_bin": 3.3163672468977308
    },
    {
      "m_chi_GeV": 70.0,
      "mod2_true_rate": -0.0022088676763075727,
      "R2_wimp": 0.10242804340261151,
      "mod2_true_counts": -0.009071325159374014,
      "median_mod2_fit_counts": 0.1880843460250705,
      "mean_Phase2_fit_rad": 4.560619167167125,
      "std_Phase2_fit_rad": 2.7347111958442625,
      "bias_mod1_counts": 0.11334028798968754,
      "bias_phase1_deg": -4.477969661256734,
      "Ad1_nu": 0.03342,
      "R1_nu": 0.8075354246195975,
      "N1_nu_in_bin": 3.3163672468977308
    },
    {
      "m_chi_GeV": 80.0,
      "mod2_true_rate": -0.0023469536227541804,
      "R2_wimp": 0.615492240439683,
      "mod2_true_counts": -0.009638413235130105,
      "median_mod2_fit_counts": 0.18738255190739495,
      "mean_Phase2_fit_rad": 5.025623869232683,
      "std_Phase2_fit_rad": 2.6063901379256937,
      "bias_mod1_counts": 0.11488762301572863,
      "bias_phase1_deg": -3.734526206047355,
      "Ad1_nu": 0.03342,
      "R1_nu": 0.8075354246195975,
      "N1_nu_in_bin": 3.3163672468977308
    },
    {
      "m_chi_GeV": 90.0,
      "mod2_true_rate": -0.00241558373269732,
      "R2_wimp": 0.09833945255530926,
      "mod2_true_counts": -0.009920261735923286,
      "median_mod2_fit_counts": 0.1878149327362518,
      "mean_Phase2_fit_rad": 4.945420490147894,
      "std_Phase2_fit_rad": 2.5586197882095196,
      "bias_mod1_counts": 0.11485630229587171,
      "bias_phase1_deg": -4.084398738258159,
      "Ad1_nu": 0.03342,
      "R1_nu": 0.8075354246195975,
      "N1_nu_in_bin": 3.3163672468977308
    }
  ]
}