{
  "meta": {
    "signal1_sources": [
      "pp",
      "Be7_384",
      "Be7_861",
      "pep",
      "N13",
      "O15",
      "F17",
      "8B",
      "hep"
    ],
    "target": "Xe",
    "detector": "Xe1t",
    "channel": "NR",
    "Er_window_i": 2.0,
    "Er_window_f": 3.0,
    "D_tonne": 100.0,
    "dt_day": 15.0,
    "T_yr": 10.0,
    "P_day": 365.25,
    "t01_day": 3.0,
    "t02_day": 152.5,
    "bias_mod1_counts_sig1only": 0.10652025982991709,
    "bias_phase1_deg_sig1only": 0.7056077419010719,
    "N_toys": 1000,
    "noise_type": "poisson",
    "seed": 42
  },
  "data": [
    {
      "m_chi_GeV": 10000.0,
      "mod2_true_rate": -0.0003357592240853905,
      "R2_wimp": 0.01013040477582425,
      "mod2_true_counts": -0.001378887983923575,
      "median_mod2_fit_counts": 0.8250798320535113,
      "mean_Phase2_fit_rad": 0.7643736051817674,
      "std_Phase2_fit_rad": 2.5341079293562956,
      "bias_mod1_counts": 0.1525251997856818,
      "bias_phase1_deg": 0.07573657746437508,
      "Ad1_nu": 0.03342,
      "R1_nu": 14.259826895771837,
      "N1_nu_in_bin": 58.56191743643465
    },
    {
      "m_chi_GeV": 1000.0,
      "mod2_true_rate": -0.0003380386638380525,
      "R2_wimp": 0.01026050445212465,
      "mod2_true_counts": -0.0013882491328051434,
      "median_mod2_fit_counts": 0.8250798320535113,
      "mean_Phase2_fit_rad": 0.7642287041439249,
      "std_Phase2_fit_rad": 2.534014026089127,
      "bias_mod1_counts": 0.15254487772370884,
      "bias_phase1_deg": 0.07567033449895919,
      "Ad1_nu": 0.03342,
      "R1_nu": 14.259826895771837,
      "N1_nu_in_bin": 58.56191743643465
    },
    {
      "m_chi_GeV": 100.0,
      "mod2_true_rate": -0.00034195046657482054,
      "R2_wimp": 0.01146206791148671,
      "mod2_true_counts": -0.0014043140311080925,
      "median_mod2_fit_counts": 0.8250798320535113,
      "mean_Phase2_fit_rad": 0.7634675871814018,
      "std_Phase2_fit_rad": 2.534191292053941,
      "bias_mod1_counts": 0.15256600302531997,
      "bias_phase1_deg": 0.07493571991883967,
      "Ad1_nu": 0.03342,
      "R1_nu": 14.259826895771837,
      "N1_nu_in_bin": 58.56191743643465
    },
    {
      "m_chi_GeV": 10.0,
      "mod2_true_rate": 0.03655531804283801,
      "R2_wimp": 0.42579373216752764,
      "mod2_true_counts": 0.1501245094161725,
      "median_mod2_fit_counts": 0.8326692649473417,
      "mean_Phase2_fit_rad": 2.4730538463790888,
      "std_Phase2_fit_rad": 2.1800606131291076,
      "bias_mod1_counts": 0.03187217079732396,
      "bias_phase1_deg": 2.062616141779207,
      "Ad1_nu": 0.03342,
      "R1_nu": 14.259826895771837,
      "N1_nu_in_bin": 58.56191743643465
    },
    {
      "m_chi_GeV": 20.0,
      "mod2_true_rate": 0.0003434219099007654,
      "R2_wimp": 0.042620139849866186,
      "mod2_true_counts": 0.0014103569195103303,
      "median_mod2_fit_counts": 0.8360258828610914,
      "mean_Phase2_fit_rad": 1.9622710836789703,
      "std_Phase2_fit_rad": 2.706169374405801,
      "bias_mod1_counts": 0.119890289917566,
      "bias_phase1_deg": 0.6505450091320508,
      "Ad1_nu": 0.03342,
      "R1_nu": 14.259826895771837,
      "N1_nu_in_bin": 58.56191743643465
    },
    {
      "m_chi_GeV": 30.0,
      "mod2_true_rate": -0.0002685693289362639,
      "R2_wimp": 0.021967389686454,
      "mod2_true_counts": -0.0011029541229415354,
      "median_mod2_fit_counts": 0.8114182249979789,
      "mean_Phase2_fit_rad": 0.8239996523201625,
      "std_Phase2_fit_rad": 2.564545328372153,
      "bias_mod1_counts": 0.15373759274676124,
      "bias_phase1_deg": 0.38846512968806163,
      "Ad1_nu": 0.03342,
      "R1_nu": 14.259826895771837,
      "N1_nu_in_bin": 58.56191743643465
    },
    {
      "m_chi_GeV": 40.0,
      "mod2_true_rate": -0.00032185073524336976,
      "R2_wimp": 0.016022526885345285,
      "mod2_true_counts": -0.0013217689332376582,
      "median_mod2_fit_counts": 0.8250798320535113,
      "mean_Phase2_fit_rad": 0.7651215158828936,
      "std_Phase2_fit_rad": 2.5383626756013324,
      "bias_mod1_counts": 0.15218956053502875,
      "bias_phase1_deg": 0.07384981939758874,
      "Ad1_nu": 0.03342,
      "R1_nu": 14.259826895771837,
      "N1_nu_in_bin": 58.56191743643465
    },
    {
      "m_chi_GeV": 5000.0,
      "mod2_true_rate": -0.00033673218728495834,
      "R2_wimp": 0.010166205466121792,
      "mod2_true_counts": -0.001382883726016256,
      "median_mod2_fit_counts": 0.8250798320535113,
      "mean_Phase2_fit_rad": 0.7642597156578441,
      "std_Phase2_fit_rad": 2.534102341218867,
      "bias_mod1_counts": 0.15253700927968583,
      "bias_phase1_deg": 0.0756166907967391,
      "Ad1_nu": 0.03342,
      "R1_nu": 14.259826895771837,
      "N1_nu_in_bin": 58.56191743643465
    },
    {
      "m_chi_GeV": 500.0,
      "mod2_true_rate": -0.00033349536469466705,
      "R2_wimp": 0.01019820734057859,
      "mod2_true_counts": -0.0013695908201013021,
      "median_mod2_fit_counts": 0.8250798320535113,
      "mean_Phase2_fit_rad": 0.7653854745285095,
      "std_Phase2_fit_rad": 2.5385955415315125,
      "bias_mod1_counts": 0.15217252245504054,
      "bias_phase1_deg": 0.07466763259536176,
      "Ad1_nu": 0.03342,
      "R1_nu": 14.259826895771837,
      "N1_nu_in_bin": 58.56191743643465
    },
    {
      "m_chi_GeV": 50.0,
      "mod2_true_rate": -0.00033645625357290915,
      "R2_wimp": 0.014038188240008844,
      "mod2_true_counts": -0.001381750528020161,
      "median_mod2_fit_counts": 0.8250798320535113,
      "mean_Phase2_fit_rad": 0.7642597156578441,
      "std_Phase2_fit_rad": 2.534102341218867,
      "bias_mod1_counts": 0.15253700927968583,
      "bias_phase1_deg": 0.0756166907967391,
      "Ad1_nu": 0.03342,
      "R1_nu": 14.259826895771837,
      "N1_nu_in_bin": 58.56191743643465
    },
    {
      "m_chi_GeV": 60.0,
      "mod2_true_rate": -0.0003413495454949734,
      "R2_wimp": 0.013026820393035926,
      "mod2_true_counts": -0.0014018461827308972,
      "median_mod2_fit_counts": 0.8250798320535113,
      "mean_Phase2_fit_rad": 0.763857108643137,
      "std_Phase2_fit_rad": 2.534179331917618,
      "bias_mod1_counts": 0.15255791105425875,
      "bias_phase1_deg": 0.0749822075462472,
      "Ad1_nu": 0.03342,
      "R1_nu": 14.259826895771837,
      "N1_nu_in_bin": 58.56191743643465
    },
    {
      "m_chi_GeV": 70.0,
      "mod2_true_rate": -0.00034102523395008674,
      "R2_wimp": 3.150096844400508,
      "mod2_true_counts": -0.001400514307803231,
      "median_mod2_fit_counts": 0.8250798320535113,
      "mean_Phase2_fit_rad": 0.7640263907258054,
      "std_Phase2_fit_rad": 2.5341347561357632,
      "bias_mod1_counts": 0.15255478991810034,
      "bias_phase1_deg": 0.0753794893244419,
      "Ad1_nu": 0.03342,
      "R1_nu": 14.259826895771837,
      "N1_nu_in_bin": 58.56191743643465
    },
    {
      "m_chi_GeV": 80.0,
      "mod2_true_rate": -0.0003447626848811061,
      "R2_wimp": 0.012342999333131922,
      "mod2_true_counts": -0.0014158631822632696,
      "median_mod2_fit_counts": 0.8242531352328779,
      "mean_Phase2_fit_rad": 0.8048677948875554,
      "std_Phase2_fit_rad": 2.5307635871046457,
      "bias_mod1_counts": 0.1528751744862309,
      "bias_phase1_deg": 0.18203705057724,
      "Ad1_nu": 0.03342,
      "R1_nu": 14.259826895771837,
      "N1_nu_in_bin": 58.56191743643465
    },
    {
      "m_chi_GeV": 90.0,
      "mod2_true_rate": -0.000343285827719825,
      "R2_wimp": 0.012052975006194046,
      "mod2_true_counts": -0.0014097980604510269,
      "median_mod2_fit_counts": 0.8242531352328779,
      "mean_Phase2_fit_rad": 0.8051078806571682,
      "std_Phase2_fit_rad": 2.5306609511133216,
      "bias_mod1_counts": 0.15286719623950584,
      "bias_phase1_deg": 0.18229800730280962,
      "Ad1_nu": 0.03342,
      "R1_nu": 14.259826895771837,
      "N1_nu_in_bin": 58.56191743643465
    }
  ]
}