{
  "meta": {
    "signal1_sources": [
      "pp",
      "Be7_384",
      "Be7_861",
      "pep",
      "N13",
      "O15",
      "F17",
      "8B",
      "hep"
    ],
    "target": "Xe",
    "detector": "Xe1t",
    "channel": "NR",
    "Er_window_i": 1.0,
    "Er_window_f": 6.0,
    "D_tonne": 100.0,
    "dt_day": 15.0,
    "T_yr": 10.0,
    "P_day": 365.25,
    "t01_day": 3.0,
    "t02_day": 152.5,
    "bias_mod1_counts_sig1only": 0.043343995552280745,
    "bias_phase1_deg_sig1only": 0.023506143755033102,
    "N_toys": 1000,
    "noise_type": "poisson",
    "seed": 42
  },
  "data": [
    {
      "m_chi_GeV": 10000.0,
      "mod2_true_rate": -0.0031749922588317756,
      "R2_wimp": 0.09755805961527825,
      "mod2_true_counts": -0.013038982582471359,
      "median_mod2_fit_counts": 3.2431629969562685,
      "mean_Phase2_fit_rad": 5.130229157555827,
      "std_Phase2_fit_rad": 2.6219380351385073,
      "bias_mod1_counts": 0.07709869345788789,
      "bias_phase1_deg": -0.15155162420497795,
      "Ad1_nu": 0.03342,
      "R1_nu": 213.0804901136108,
      "N1_nu_in_bin": 875.0738813700648
    },
    {
      "m_chi_GeV": 1000.0,
      "mod2_true_rate": -0.003178000946985356,
      "R2_wimp": 0.0986701917320774,
      "mod2_true_counts": -0.013051338591315631,
      "median_mod2_fit_counts": 3.2431629969562685,
      "mean_Phase2_fit_rad": 5.130348821201956,
      "std_Phase2_fit_rad": 2.6219868958854557,
      "bias_mod1_counts": 0.0771212348651531,
      "bias_phase1_deg": -0.15153336737063877,
      "Ad1_nu": 0.03342,
      "R1_nu": 213.0804901136108,
      "N1_nu_in_bin": 875.0738813700648
    },
    {
      "m_chi_GeV": 100.0,
      "mod2_true_rate": -0.002900721504992641,
      "R2_wimp": 0.10766182522324455,
      "mod2_true_counts": -0.011912613983542673,
      "median_mod2_fit_counts": 3.268846345663901,
      "mean_Phase2_fit_rad": 5.1963352403127825,
      "std_Phase2_fit_rad": 2.566385392715851,
      "bias_mod1_counts": 0.13410066056659176,
      "bias_phase1_deg": -0.05561217565196539,
      "Ad1_nu": 0.03342,
      "R1_nu": 213.0804901136108,
      "N1_nu_in_bin": 875.0738813700648
    },
    {
      "m_chi_GeV": 20.0,
      "mod2_true_rate": 0.008557010574105508,
      "R2_wimp": 1.413825393862935,
      "mod2_true_counts": 0.03514172720371872,
      "median_mod2_fit_counts": 3.25720267265345,
      "mean_Phase2_fit_rad": 3.3441782757329834,
      "std_Phase2_fit_rad": 2.703264453678124,
      "bias_mod1_counts": -0.027912208824115936,
      "bias_phase1_deg": -0.0008684754763893296,
      "Ad1_nu": 0.03342,
      "R1_nu": 213.0804901136108,
      "N1_nu_in_bin": 875.0738813700648
    },
    {
      "m_chi_GeV": 30.0,
      "mod2_true_rate": 0.0003057540071939403,
      "R2_wimp": 0.29054562171745835,
      "mod2_true_counts": 0.0012556632738970853,
      "median_mod2_fit_counts": 3.2002377670933067,
      "mean_Phase2_fit_rad": 3.4090300433707115,
      "std_Phase2_fit_rad": 3.070585705745512,
      "bias_mod1_counts": 0.04217420869164812,
      "bias_phase1_deg": 0.06623114186422914,
      "Ad1_nu": 0.03342,
      "R1_nu": 213.0804901136108,
      "N1_nu_in_bin": 875.0738813700648
    },
    {
      "m_chi_GeV": 40.0,
      "mod2_true_rate": -0.0014912555875319395,
      "R2_wimp": 0.178925454019424,
      "mod2_true_counts": -0.006124252926209196,
      "median_mod2_fit_counts": 3.302081390787958,
      "mean_Phase2_fit_rad": 4.2955021438132714,
      "std_Phase2_fit_rad": 2.6842965104670657,
      "bias_mod1_counts": 0.001752640043029885,
      "bias_phase1_deg": -0.0017850957174792804,
      "Ad1_nu": 0.03342,
      "R1_nu": 213.0804901136108,
      "N1_nu_in_bin": 875.0738813700648
    },
    {
      "m_chi_GeV": 5000.0,
      "mod2_true_rate": -0.0031828787912514898,
      "R2_wimp": 0.1393000585533556,
      "mod2_true_counts": -0.013071370805960943,
      "median_mod2_fit_counts": 3.2431629969562685,
      "mean_Phase2_fit_rad": 5.130386527640918,
      "std_Phase2_fit_rad": 2.6219763572561354,
      "bias_mod1_counts": 0.07712790293455285,
      "bias_phase1_deg": -0.15157097978238823,
      "Ad1_nu": 0.03342,
      "R1_nu": 213.0804901136108,
      "N1_nu_in_bin": 875.0738813700648
    },
    {
      "m_chi_GeV": 500.0,
      "mod2_true_rate": -0.003112473833102989,
      "R2_wimp": 0.09790774729306405,
      "mod2_true_counts": -0.012782233400833629,
      "median_mod2_fit_counts": 3.2234303878768698,
      "mean_Phase2_fit_rad": 5.503353414458614,
      "std_Phase2_fit_rad": 2.54975357836304,
      "bias_mod1_counts": 0.17069820918739964,
      "bias_phase1_deg": -0.021898350455298338,
      "Ad1_nu": 0.03342,
      "R1_nu": 213.0804901136108,
      "N1_nu_in_bin": 875.0738813700648
    },
    {
      "m_chi_GeV": 50.0,
      "mod2_true_rate": -0.0021561316739887116,
      "R2_wimp": 0.0978955450253927,
      "mod2_true_counts": -0.008854750201185674,
      "median_mod2_fit_counts": 3.2391283242824818,
      "mean_Phase2_fit_rad": 4.786867654292632,
      "std_Phase2_fit_rad": 2.4636591551605864,
      "bias_mod1_counts": 0.09461587367024649,
      "bias_phase1_deg": -0.1440213707135509,
      "Ad1_nu": 0.03342,
      "R1_nu": 213.0804901136108,
      "N1_nu_in_bin": 875.0738813700648
    },
    {
      "m_chi_GeV": 60.0,
      "mod2_true_rate": -0.0024800033454275222,
      "R2_wimp": 0.12593016917209615,
      "mod2_true_counts": -0.010184818667053478,
      "median_mod2_fit_counts": 3.2385224939601747,
      "mean_Phase2_fit_rad": 4.809504248816669,
      "std_Phase2_fit_rad": 2.468625797801475,
      "bias_mod1_counts": 0.1045746916873398,
      "bias_phase1_deg": -0.1360401200836123,
      "Ad1_nu": 0.03342,
      "R1_nu": 213.0804901136108,
      "N1_nu_in_bin": 875.0738813700648
    },
    {
      "m_chi_GeV": 70.0,
      "mod2_true_rate": -0.0026483175916761676,
      "R2_wimp": 0.11894822460963228,
      "mod2_true_counts": -0.010876047604419578,
      "median_mod2_fit_counts": 3.2348090900491995,
      "mean_Phase2_fit_rad": 4.8684930335840555,
      "std_Phase2_fit_rad": 2.4789491543422253,
      "bias_mod1_counts": 0.10681251643518763,
      "bias_phase1_deg": -0.11692846519133364,
      "Ad1_nu": 0.03342,
      "R1_nu": 213.0804901136108,
      "N1_nu_in_bin": 875.0738813700648
    },
    {
      "m_chi_GeV": 80.0,
      "mod2_true_rate": -0.0027894708137167147,
      "R2_wimp": 9.619735421257957,
      "mod2_true_counts": -0.011455732294524495,
      "median_mod2_fit_counts": 3.2641212418502388,
      "mean_Phase2_fit_rad": 5.178179418033989,
      "std_Phase2_fit_rad": 2.576455115357878,
      "bias_mod1_counts": 0.13406542577731173,
      "bias_phase1_deg": -0.0542069196303283,
      "Ad1_nu": 0.03342,
      "R1_nu": 213.0804901136108,
      "N1_nu_in_bin": 875.0738813700648
    },
    {
      "m_chi_GeV": 90.0,
      "mod2_true_rate": -0.0028549960972442975,
      "R2_wimp": 0.11397387669848248,
      "mod2_true_counts": -0.011724829968149065,
      "median_mod2_fit_counts": 3.2641212418502388,
      "mean_Phase2_fit_rad": 5.183112125226404,
      "std_Phase2_fit_rad": 2.5736838654380443,
      "bias_mod1_counts": 0.1345472472692819,
      "bias_phase1_deg": -0.055280860792087334,
      "Ad1_nu": 0.03342,
      "R1_nu": 213.0804901136108,
      "N1_nu_in_bin": 875.0738813700648
    }
  ]
}