{
  "meta": {
    "signal1_sources": [
      "pp",
      "Be7_384",
      "Be7_861",
      "pep",
      "N13",
      "O15",
      "F17",
      "8B",
      "hep"
    ],
    "target": "Xe",
    "detector": "Xe1t",
    "channel": "NR",
    "Er_window_i": 0.6,
    "Er_window_f": 1.6,
    "D_tonne": 100.0,
    "dt_day": 15.0,
    "T_yr": 10.0,
    "P_day": 365.25,
    "t01_day": 3.0,
    "t02_day": 152.5,
    "bias_mod1_counts_sig1only": 0.10152665128628513,
    "bias_phase1_deg_sig1only": 0.055125696579953594,
    "N_toys": 1000,
    "noise_type": "poisson",
    "seed": 42
  },
  "data": [
    {
      "m_chi_GeV": 10000.0,
      "mod2_true_rate": -3.443767703244738e-05,
      "R2_wimp": 0.0010262292240687048,
      "mod2_true_counts": -0.0001414278317554307,
      "median_mod2_fit_counts": 3.500413501058599,
      "mean_Phase2_fit_rad": 0.7188768660577486,
      "std_Phase2_fit_rad": 2.745877324231059,
      "bias_mod1_counts": 0.10307535316293581,
      "bias_phase1_deg": 0.05345964226144306,
      "Ad1_nu": 0.03342,
      "R1_nu": 265.72505659158395,
      "N1_nu_in_bin": 1091.2733330249855
    },
    {
      "m_chi_GeV": 1000.0,
      "mod2_true_rate": -3.481144025930197e-05,
      "R2_wimp": 0.0010405420968208022,
      "mod2_true_counts": -0.00014296279367269804,
      "median_mod2_fit_counts": 3.500413501058599,
      "mean_Phase2_fit_rad": 0.7188768660577486,
      "std_Phase2_fit_rad": 2.745877324231059,
      "bias_mod1_counts": 0.10307535316293581,
      "bias_phase1_deg": 0.05345964226144306,
      "Ad1_nu": 0.03342,
      "R1_nu": 265.72505659158395,
      "N1_nu_in_bin": 1091.2733330249855
    },
    {
      "m_chi_GeV": 100.0,
      "mod2_true_rate": -3.762506524182725e-05,
      "R2_wimp": 0.001181439517267327,
      "mod2_true_counts": -0.00015451772173235008,
      "median_mod2_fit_counts": 3.500413501058599,
      "mean_Phase2_fit_rad": 0.7188569603730975,
      "std_Phase2_fit_rad": 2.7458799231382383,
      "bias_mod1_counts": 0.10308623618347923,
      "bias_phase1_deg": 0.053444495391255856,
      "Ad1_nu": 0.03342,
      "R1_nu": 265.72505659158395,
      "N1_nu_in_bin": 1091.2733330249855
    },
    {
      "m_chi_GeV": 10.0,
      "mod2_true_rate": 0.003848862955997954,
      "R2_wimp": 0.11028108367259899,
      "mod2_true_counts": 0.015806418710463878,
      "median_mod2_fit_counts": 3.5956344986482955,
      "mean_Phase2_fit_rad": 4.1252380662343455,
      "std_Phase2_fit_rad": 2.6218471178993497,
      "bias_mod1_counts": -0.12354305512661767,
      "bias_phase1_deg": -0.2281574624927256,
      "Ad1_nu": 0.03342,
      "R1_nu": 265.72505659158395,
      "N1_nu_in_bin": 1091.2733330249855
    },
    {
      "m_chi_GeV": 20.0,
      "mod2_true_rate": -6.564698480271799e-05,
      "R2_wimp": 0.005492297153436499,
      "mod2_true_counts": -0.0002695974735224558,
      "median_mod2_fit_counts": 3.500413501058599,
      "mean_Phase2_fit_rad": 0.717171578199253,
      "std_Phase2_fit_rad": 2.7458921279607993,
      "bias_mod1_counts": 0.10323406500016574,
      "bias_phase1_deg": 0.05331708134686303,
      "Ad1_nu": 0.03342,
      "R1_nu": 265.72505659158395,
      "N1_nu_in_bin": 1091.2733330249855
    },
    {
      "m_chi_GeV": 30.0,
      "mod2_true_rate": -5.6809305942234204e-05,
      "R2_wimp": 0.002497099570667677,
      "mod2_true_counts": -0.0002333031044855614,
      "median_mod2_fit_counts": 3.500413501058599,
      "mean_Phase2_fit_rad": 0.718042124702466,
      "std_Phase2_fit_rad": 2.7460135164143913,
      "bias_mod1_counts": 0.1031974294293363,
      "bias_phase1_deg": 0.0533394331092068,
      "Ad1_nu": 0.03342,
      "R1_nu": 265.72505659158395,
      "N1_nu_in_bin": 1091.2733330249855
    },
    {
      "m_chi_GeV": 40.0,
      "mod2_true_rate": -4.669839897057338e-05,
      "R2_wimp": 0.0017417356823053842,
      "mod2_true_counts": -0.00019177987256908987,
      "median_mod2_fit_counts": 3.500413501058599,
      "mean_Phase2_fit_rad": 0.7182166579236244,
      "std_Phase2_fit_rad": 2.7459376388202728,
      "bias_mod1_counts": 0.1031401318807923,
      "bias_phase1_deg": 0.05337543489555768,
      "Ad1_nu": 0.03342,
      "R1_nu": 265.72505659158395,
      "N1_nu_in_bin": 1091.2733330249855
    },
    {
      "m_chi_GeV": 5000.0,
      "mod2_true_rate": -3.456542637052287e-05,
      "R2_wimp": 0.0010303700641019166,
      "mod2_true_counts": -0.00014195246969413912,
      "median_mod2_fit_counts": 3.500413501058599,
      "mean_Phase2_fit_rad": 0.7188768660577486,
      "std_Phase2_fit_rad": 2.745877324231059,
      "bias_mod1_counts": 0.10307535316293581,
      "bias_phase1_deg": 0.05345964226144306,
      "Ad1_nu": 0.03342,
      "R1_nu": 265.72505659158395,
      "N1_nu_in_bin": 1091.2733330249855
    },
    {
      "m_chi_GeV": 500.0,
      "mod2_true_rate": -3.4524647001183874e-05,
      "R2_wimp": 0.0010358769489724334,
      "mod2_true_counts": -0.00014178499795147381,
      "median_mod2_fit_counts": 3.500413501058599,
      "mean_Phase2_fit_rad": 0.7188768660577486,
      "std_Phase2_fit_rad": 2.745877324231059,
      "bias_mod1_counts": 0.10307535316293581,
      "bias_phase1_deg": 0.05345964226144306,
      "Ad1_nu": 0.03342,
      "R1_nu": 265.72505659158395,
      "N1_nu_in_bin": 1091.2733330249855
    },
    {
      "m_chi_GeV": 50.0,
      "mod2_true_rate": -4.304621775626336e-05,
      "R2_wimp": 0.001493839795650962,
      "mod2_true_counts": -0.0001767811817505682,
      "median_mod2_fit_counts": 3.500413501058599,
      "mean_Phase2_fit_rad": 0.7184380785551673,
      "std_Phase2_fit_rad": 2.745929118547819,
      "bias_mod1_counts": 0.10311019562961832,
      "bias_phase1_deg": 0.053393914318741166,
      "Ad1_nu": 0.03342,
      "R1_nu": 265.72505659158395,
      "N1_nu_in_bin": 1091.2733330249855
    },
    {
      "m_chi_GeV": 60.0,
      "mod2_true_rate": -4.103740472513588e-05,
      "R2_wimp": 0.0013692247534727868,
      "mod2_true_counts": -0.00016853143624285784,
      "median_mod2_fit_counts": 3.500413501058599,
      "mean_Phase2_fit_rad": 0.7185883590946394,
      "std_Phase2_fit_rad": 2.7458744627666434,
      "bias_mod1_counts": 0.10310576217312217,
      "bias_phase1_deg": 0.053416991595637606,
      "Ad1_nu": 0.03342,
      "R1_nu": 265.72505659158395,
      "N1_nu_in_bin": 1091.2733330249855
    },
    {
      "m_chi_GeV": 6.0,
      "mod2_true_rate": 0.4712495523449884,
      "R2_wimp": 4.187107733068568,
      "mod2_true_counts": 1.9353164367350653,
      "median_mod2_fit_counts": 3.9086318902138153,
      "mean_Phase2_fit_rad": 2.639718189145395,
      "std_Phase2_fit_rad": 1.3933678131149283,
      "bias_mod1_counts": -1.6697431721564726,
      "bias_phase1_deg": 1.6947541702451598,
      "Ad1_nu": 0.03342,
      "R1_nu": 265.72505659158395,
      "N1_nu_in_bin": 1091.2733330249855
    },
    {
      "m_chi_GeV": 70.0,
      "mod2_true_rate": -3.95332445627008e-05,
      "R2_wimp": 0.0012874039604864338,
      "mod2_true_counts": -0.00016235418711581438,
      "median_mod2_fit_counts": 3.500413501058599,
      "mean_Phase2_fit_rad": 0.7186509706150698,
      "std_Phase2_fit_rad": 2.745891838267515,
      "bias_mod1_counts": 0.10310336099752959,
      "bias_phase1_deg": 0.053429121450667416,
      "Ad1_nu": 0.03342,
      "R1_nu": 265.72505659158395,
      "N1_nu_in_bin": 1091.2733330249855
    },
    {
      "m_chi_GeV": 80.0,
      "mod2_true_rate": -3.904096113481798e-05,
      "R2_wimp": 0.0012508450876069356,
      "mod2_true_counts": -0.00016033248926003278,
      "median_mod2_fit_counts": 3.500413501058599,
      "mean_Phase2_fit_rad": 0.7186509706150698,
      "std_Phase2_fit_rad": 2.745891838267515,
      "bias_mod1_counts": 0.10310336099752959,
      "bias_phase1_deg": 0.053429121450667416,
      "Ad1_nu": 0.03342,
      "R1_nu": 265.72505659158395,
      "N1_nu_in_bin": 1091.2733330249855
    },
    {
      "m_chi_GeV": 90.0,
      "mod2_true_rate": -3.82305279997684e-05,
      "R2_wimp": 0.0012107986703021353,