{
  "meta": {
    "signal1_sources": [
      "pp",
      "Be7_384",
      "Be7_861",
      "pep",
      "N13",
      "O15",
      "F17",
      "8B",
      "hep"
    ],
    "target": "Xe",
    "detector": "Xe1t",
    "channel": "NR",
    "Er_window_i": 3.0,
    "Er_window_f": 4.0,
    "D_tonne": 100.0,
    "dt_day": 15.0,
    "T_yr": 10.0,
    "P_day": 365.25,
    "t01_day": 3.0,
    "t02_day": 152.5,
    "bias_mod1_counts_sig1only": 0.11726965920507099,
    "bias_phase1_deg_sig1only": 0.8827519799204921,
    "N_toys": 1000,
    "noise_type": "poisson",
    "seed": 42
  },
  "data": [
    {
      "m_chi_GeV": 10000.0,
      "mod2_true_rate": -0.0006655594207354687,
      "R2_wimp": 0.02027375772483321,
      "mod2_true_counts": -0.0027333035759156826,
      "median_mod2_fit_counts": 0.18936020090938013,
      "mean_Phase2_fit_rad": 0.6371539832677084,
      "std_Phase2_fit_rad": 3.0657674393602194,
      "bias_mod1_counts": 0.11866642064236757,
      "bias_phase1_deg": 0.5760586290667493,
      "Ad1_nu": 0.03342,
      "R1_nu": 0.7582962895954651,
      "N1_nu_in_bin": 3.1141531400224443
    },
    {
      "m_chi_GeV": 1000.0,
      "mod2_true_rate": -0.00066807680383023,
      "R2_wimp": 0.020519829696216036,
      "mod2_true_counts": -0.00274364190484694,
      "median_mod2_fit_counts": 0.189999996538617,
      "mean_Phase2_fit_rad": 0.5735532253552552,
      "std_Phase2_fit_rad": 2.9974875013383406,
      "bias_mod1_counts": 0.11924253822940284,
      "bias_phase1_deg": 0.7586996894657744,
      "Ad1_nu": 0.03342,
      "R1_nu": 0.7582962895954651,
      "N1_nu_in_bin": 3.1141531400224443
    },
    {
      "m_chi_GeV": 100.0,
      "mod2_true_rate": -0.0006407137624128039,
      "R2_wimp": 0.022640493908132258,
      "mod2_true_counts": -0.0026312680181223977,
      "median_mod2_fit_counts": 0.18757191662548273,
      "mean_Phase2_fit_rad": 4.221880859861001,
      "std_Phase2_fit_rad": 3.0872656278647637,
      "bias_mod1_counts": 0.11644228585884417,
      "bias_phase1_deg": -0.7949293441004038,
      "Ad1_nu": 0.03342,
      "R1_nu": 0.7582962895954651,
      "N1_nu_in_bin": 3.1141531400224443
    },
    {
      "m_chi_GeV": 10.0,
      "mod2_true_rate": 0.04815887144545578,
      "R2_wimp": 0.3956319157551607,
      "mod2_true_counts": 0.19777770614150217,
      "median_mod2_fit_counts": 0.2593984930806593,
      "mean_Phase2_fit_rad": 2.6167176493426547,
      "std_Phase2_fit_rad": 0.9138827034052185,
      "bias_mod1_counts": 0.12450054447487521,
      "bias_phase1_deg": 55.56553118588216,
      "Ad1_nu": 0.03342,
      "R1_nu": 0.7582962895954651,
      "N1_nu_in_bin": 3.1141531400224443
    },
    {
      "m_chi_GeV": 20.0,
      "mod2_true_rate": 0.0015366133869008345,
      "R2_wimp": 0.07053053498803785,
      "mod2_true_counts": 0.00631052725626626,
      "median_mod2_fit_counts": 0.18352930082529703,
      "mean_Phase2_fit_rad": 2.5245632794299055,
      "std_Phase2_fit_rad": 2.4653635825596467,
      "bias_mod1_counts": 0.11080386571633916,
      "bias_phase1_deg": 3.5674124941131127,
      "Ad1_nu": 0.03342,
      "R1_nu": 0.7582962895954651,
      "N1_nu_in_bin": 3.1141531400224443
    },
    {
      "m_chi_GeV": 30.0,
      "mod2_true_rate": -0.00016875452774493306,
      "R2_wimp": 0.040209811964387394,
      "mod2_true_counts": -0.0006930370749278564,
      "median_mod2_fit_counts": 0.1923765404503848,
      "mean_Phase2_fit_rad": 0.006033139142778582,
      "std_Phase2_fit_rad": 2.7089289614999355,
      "bias_mod1_counts": 0.11697379412684095,
      "bias_phase1_deg": -1.0894976388179327,
      "Ad1_nu": 0.03342,
      "R1_nu": 0.7582962895954651,
      "N1_nu_in_bin": 3.1141531400224443
    },
    {
      "m_chi_GeV": 40.0,
      "mod2_true_rate": -0.0004545014913325944,
      "R2_wimp": 0.030378043458334576,
      "mod2_true_counts": -0.0018665358986964863,
      "median_mod2_fit_counts": 0.18788434405225424,
      "mean_Phase2_fit_rad": 5.393946691033232,
      "std_Phase2_fit_rad": 2.8466248005979886,
      "bias_mod1_counts": 0.11396601852854904,
      "bias_phase1_deg": -2.2579417146206326,
      "Ad1_nu": 0.03342,
      "R1_nu": 0.7582962895954651,
      "N1_nu_in_bin": 3.1141531400224443
    },
    {
      "m_chi_GeV": 5000.0,
      "mod2_true_rate": -0.0006674164618148214,
      "R2_wimp": 0.020348131028558352,
      "mod2_true_counts": -0.0027409300279869465,
      "median_mod2_fit_counts": 0.189999996538617,
      "mean_Phase2_fit_rad": 0.5735532253552552,
      "std_Phase2_fit_rad": 2.9974875013383406,
      "bias_mod1_counts": 0.11924253822940284,
      "bias_phase1_deg": 0.7586996894657744,
      "Ad1_nu": 0.03342,
      "R1_nu": 0.7582962895954651,
      "N1_nu_in_bin": 3.1141531400224443
    },
    {
      "m_chi_GeV": 500.0,
      "mod2_true_rate": -0.0006565457281535969,
      "R2_wimp": 0.02037475624344857,
      "mod2_true_counts": -0.0026962863579203158,
      "median_mod2_fit_counts": 0.18936020090938013,
      "mean_Phase2_fit_rad": 0.6366077312583159,
      "std_Phase2_fit_rad": 3.065200245779773,
      "bias_mod1_counts": 0.11866556392006619,
      "bias_phase1_deg": 0.5772603251796291,
      "Ad1_nu": 0.03342,
      "R1_nu": 0.7582962895954651,
      "N1_nu_in_bin": 3.1141531400224443
    },
    {
      "m_chi_GeV": 50.0,
      "mod2_true_rate": -0.0005486351571623101,
      "R2_wimp": 0.027063353992103193,
      "mod2_true_counts": -0.002253121795327762,
      "median_mod2_fit_counts": 0.18663705307259393,
      "mean_Phase2_fit_rad": 5.23634438953743,
      "std_Phase2_fit_rad": 2.7763277403425004,
      "bias_mod1_counts": 0.11387230238175927,
      "bias_phase1_deg": -1.459870721618428,
      "Ad1_nu": 0.03342,
      "R1_nu": 0.7582962895954651,
      "N1_nu_in_bin": 3.1141531400224443
    },
    {
      "m_chi_GeV": 60.0,
      "mod2_true_rate": -0.00059149867342984,
      "R2_wimp": 0.0253505182276894,
      "mod2_true_counts": -0.0024291526629562216,
      "median_mod2_fit_counts": 0.18626669771474208,
      "mean_Phase2_fit_rad": 4.104866650200323,
      "std_Phase2_fit_rad": 2.888068409753953,
      "bias_mod1_counts": 0.11520389050054008,
      "bias_phase1_deg": -0.4536411334354679,
      "Ad1_nu": 0.03342,
      "R1_nu": 0.7582962895954651,
      "N1_nu_in_bin": 3.1141531400224443
    },
    {
      "m_chi_GeV": 70.0,
      "mod2_true_rate": -0.0006108911414678408,
      "R2_wimp": 0.6170854822923704,
      "mod2_true_counts": -0.002508793188779634,
      "median_mod2_fit_counts": 0.18626669771474208,
      "mean_Phase2_fit_rad": 4.138986411553835,
      "std_Phase2_fit_rad": 2.8707784943391434,
      "bias_mod1_counts": 0.11537143708266182,
      "bias_phase1_deg": -0.31610609373577975,
      "Ad1_nu": 0.03342,
      "R1_nu": 0.7582962895954651,
      "N1_nu_in_bin": 3.1141531400224443
    },
    {
      "m_chi_GeV": 80.0,
      "mod2_true_rate": -0.0006305574992523974,
      "R2_wimp": 0.024161701902587988,
      "mod2_true_counts": -0.0025895585184903384,
      "median_mod2_fit_counts": 0.18757191662548273,
      "mean_Phase2_fit_rad": 4.158628232384101,
      "std_Phase2_fit_rad": 3.1094473229264272,
      "bias_mod1_counts": 0.11640149368265265,
      "bias_phase1_deg": -0.7113194046122596,
      "Ad1_nu": 0.03342,
      "R1_nu": 0.7582962895954651,
      "N1_nu_in_bin": 3.1141531400224443
    },
    {
      "m_chi_GeV": 90.0,
      "mod2_true_rate": -0.0006367045923329493,
      "R2_wimp": 0.023689546790266202,
      "mod2_true_counts": -0.002614803253934083,
      "median_mod2_fit_counts": 0.18757191662548273,
      "mean_Phase2_fit_rad": 4.219223863065748,
      "std_Phase2_fit_rad": 3.0876772670561765,
      "bias_mod1_counts": 0.11644410108850498,
      "bias_phase1_deg": -0.7967597646900094,
      "Ad1_nu": 0.03342,
      "R1_nu": 0.7582962895954651,
      "N1_nu_in_bin": 3.1141531400224443
    }
  ]
}