{
  "meta": {
    "signal1_sources": [
      "pp",
      "Be7_384",
      "Be7_861",
      "pep",
      "N13",
      "O15",
      "F17",
      "8B",
      "hep"
    ],
    "target": "Xe",
    "detector": "Xe1t",
    "channel": "NR",
    "Er_window_i": 1.0,
    "Er_window_f": 3.0,
    "D_tonne": 100.0,
    "dt_day": 15.0,
    "T_yr": 10.0,
    "P_day": 365.25,
    "t01_day": 3.0,
    "t02_day": 152.5,
    "bias_mod1_counts_sig1only": 0.09306025519373762,
    "bias_phase1_deg_sig1only": 0.0679798409242601,
    "N_toys": 1000,
    "noise_type": "poisson",
    "seed": 42
  },
  "data": [
    {
      "m_chi_GeV": 10000.0,
      "mod2_true_rate": -0.000424176845339207,
      "R2_wimp": 0.012773667178017716,
      "mod2_true_counts": -0.0017419993648427393,
      "median_mod2_fit_counts": 3.168570659655746,
      "mean_Phase2_fit_rad": 4.9139047848822095,
      "std_Phase2_fit_rad": 2.601967113383647,
      "bias_mod1_counts": 0.034173713078466506,
      "bias_phase1_deg": -0.118927563184653,
      "Ad1_nu": 0.03342,
      "R1_nu": 212.4328297377791,
      "N1_nu_in_bin": 872.4140851654172
    },
    {
      "m_chi_GeV": 1000.0,
      "mod2_true_rate": -0.0004273332409028931,
      "R2_wimp": 0.012940171848094043,
      "mod2_true_counts": -0.0017549619749605465,
      "median_mod2_fit_counts": 3.168570659655746,
      "mean_Phase2_fit_rad": 4.885556351846068,
      "std_Phase2_fit_rad": 2.608727542414158,
      "bias_mod1_counts": 0.033630652002894834,
      "bias_phase1_deg": -0.11825738400342789,
      "Ad1_nu": 0.03342,
      "R1_nu": 212.4328297377791,
      "N1_nu_in_bin": 872.4140851654172
    },
    {
      "m_chi_GeV": 100.0,
      "mod2_true_rate": -0.00043685382851066466,
      "R2_wimp": 0.014491714808309098,
      "mod2_true_counts": -0.0017940608973743926,
      "median_mod2_fit_counts": 3.168570659655746,
      "mean_Phase2_fit_rad": 4.885840820106258,
      "std_Phase2_fit_rad": 2.608553013494991,
      "bias_mod1_counts": 0.033658506479113726,
      "bias_phase1_deg": -0.1182320967481977,
      "Ad1_nu": 0.03342,
      "R1_nu": 212.4328297377791,
      "N1_nu_in_bin": 872.4140851654172
    },
    {
      "m_chi_GeV": 10.0,
      "mod2_true_rate": 0.04745342584716827,
      "R2_wimp": 0.6506344868910794,
      "mod2_true_counts": 0.19488059896167667,
      "median_mod2_fit_counts": 3.240805695977791,
      "mean_Phase2_fit_rad": 2.870112134035279,
      "std_Phase2_fit_rad": 2.291526582940331,
      "bias_mod1_counts": -0.23678989585705423,
      "bias_phase1_deg": 0.2252877313749713,
      "Ad1_nu": 0.03342,
      "R1_nu": 212.4328297377791,
      "N1_nu_in_bin": 872.4140851654172
    },
    {
      "m_chi_GeV": 20.0,
      "mod2_true_rate": 0.00025509193477334785,
      "R2_wimp": 0.055924333129339816,
      "mod2_true_counts": 0.0010476054816153917,
      "median_mod2_fit_counts": 3.193865436401656,
      "mean_Phase2_fit_rad": 5.980395594299876,
      "std_Phase2_fit_rad": 2.921655793720682,
      "bias_mod1_counts": 0.09329690811934555,
      "bias_phase1_deg": 0.09994664827107969,
      "Ad1_nu": 0.03342,
      "R1_nu": 212.4328297377791,
      "N1_nu_in_bin": 872.4140851654172
    },
    {
      "m_chi_GeV": 30.0,
      "mod2_true_rate": -0.0003936381987386084,
      "R2_wimp": 0.028211523388850083,
      "mod2_true_counts": -0.0016165839783926423,
      "median_mod2_fit_counts": 3.168570659655746,
      "mean_Phase2_fit_rad": 4.921220611975592,
      "std_Phase2_fit_rad": 2.6033380791249923,
      "bias_mod1_counts": 0.034756001274260484,
      "bias_phase1_deg": -0.11734444359021583,
      "Ad1_nu": 0.03342,
      "R1_nu": 212.4328297377791,
      "N1_nu_in_bin": 872.4140851654172
    },
    {
      "m_chi_GeV": 40.0,
      "mod2_true_rate": -0.00043230199255142815,
      "R2_wimp": 0.020428015368975965,
      "mod2_true_counts": -0.001775367525878555,
      "median_mod2_fit_counts": 3.168570659655746,
      "mean_Phase2_fit_rad": 4.885445536421458,
      "std_Phase2_fit_rad": 2.608652672588343,
      "bias_mod1_counts": 0.03363680481380982,
      "bias_phase1_deg": -0.11823369265819501,
      "Ad1_nu": 0.03342,
      "R1_nu": 212.4328297377791,
      "N1_nu_in_bin": 872.4140851654172
    },
    {
      "m_chi_GeV": 5000.0,
      "mod2_true_rate": -0.0004254671633885777,
      "R2_wimp": 0.012820024540370501,
      "mod2_true_counts": -0.0017472984122734196,
      "median_mod2_fit_counts": 3.168570659655746,
      "mean_Phase2_fit_rad": 4.885540509193664,
      "std_Phase2_fit_rad": 2.608738424962035,
      "bias_mod1_counts": 0.03362823645338153,
      "bias_phase1_deg": -0.11823864540082125,
      "Ad1_nu": 0.03342,
      "R1_nu": 212.4328297377791,
      "N1_nu_in_bin": 872.4140851654172
    },
    {
      "m_chi_GeV": 500.0,
      "mod2_true_rate": -0.00042191930434631224,
      "R2_wimp": 0.012864293179792716,
      "mod2_true_counts": -0.0017327281492661693,
      "median_mod2_fit_counts": 3.168570659655746,
      "mean_Phase2_fit_rad": 4.913855706458305,
      "std_Phase2_fit_rad": 2.6019680418674076,
      "bias_mod1_counts": 0.03416471520687381,
      "bias_phase1_deg": -0.11890352207521199,
      "Ad1_nu": 0.03342,
      "R1_nu": 212.4328297377791,
      "N1_nu_in_bin": 872.4140851654172
    },
    {
      "m_chi_GeV": 50.0,
      "mod2_true_rate": -0.00044115922799145763,
      "R2_wimp": 0.017837227424464086,
      "mod2_true_counts": -0.0018117422094105036,
      "median_mod2_fit_counts": 3.168570659655746,
      "mean_Phase2_fit_rad": 4.886078472505823,
      "std_Phase2_fit_rad": 2.60850064306804,
      "bias_mod1_counts": 0.033690784462034884,
      "bias_phase1_deg": -0.11826444336216978,
      "Ad1_nu": 0.03342,
      "R1_nu": 212.4328297377791,
      "N1_nu_in_bin": 872.4140851654172
    },
    {
      "m_chi_GeV": 60.0,
      "mod2_true_rate": -0.00044264018131662415,
      "R2_wimp": 0.016520158079946473,
      "mod2_true_counts": -0.0018178241532510232,
      "median_mod2_fit_counts": 3.168570659655746,
      "mean_Phase2_fit_rad": 4.886051963815487,
      "std_Phase2_fit_rad": 2.608435791886564,
      "bias_mod1_counts": 0.03370090138690074,
      "bias_phase1_deg": -0.11827824297933234,
      "Ad1_nu": 0.03342,
      "R1_nu": 212.4328297377791,
      "N1_nu_in_bin": 872.4140851654172
    },
    {
      "m_chi_GeV": 70.0,
      "mod2_true_rate": -0.00043946690270586726,
      "R2_wimp": 9.002582276538064,
      "mod2_true_counts": -0.0018047922082376478,
      "median_mod2_fit_counts": 3.168570659655746,
      "mean_Phase2_fit_rad": 4.885999413999409,
      "std_Phase2_fit_rad": 2.6085121184403035,
      "bias_mod1_counts": 0.033671531897383034,
      "bias_phase1_deg": -0.1182577503597526,
      "Ad1_nu": 0.03342,
      "R1_nu": 212.4328297377791,
      "N1_nu_in_bin": 872.4140851654172
    },
    {
      "m_chi_GeV": 80.0,
      "mod2_true_rate": -0.0004425313797052859,
      "R2_wimp": 0.015634246945405977,
      "mod2_true_counts": -0.0018173773293851578,
      "median_mod2_fit_counts": 3.168570659655746,
      "mean_Phase2_fit_rad": 4.886051963815487,
      "std_Phase2_fit_rad": 2.608435791886564,
      "bias_mod1_counts": 0.03370090138690074,
      "bias_phase1_deg": -0.11827824297933234,
      "Ad1_nu": 0.03342,
      "R1_nu": 212.4328297377791,
      "N1_nu_in_bin": 872.4140851654172
    },
    {
      "m_chi_GeV": 90.0,
      "mod2_true_rate": -0.0004394248070990631,
      "R2_wimp": 0.015254739887431978,
      "mod2_true_counts": -0.0018046193310023125,
      "median_mod2_fit_counts": 3.168570659655746,
      "mean_Phase2_fit_rad": 4.885999413999409,
      "std_Phase2_fit_rad": 2.6085121184403035,
      "bias_mod1_counts": 0.033671531897383034,
      "bias_phase1_deg": -0.1182577503597526,
      "Ad1_nu": 0.03342,
      "R1_nu": 212.4328297377791,
      "N1_nu_in_bin": 872.4140851654172
    }
  ]
}