{
  "meta": {
    "signal1_sources": [
      "pp",
      "Be7_384",
      "Be7_861",
      "pep",
      "N13",
      "O15",
      "F17",
      "8B",
      "hep"
    ],
    "target": "Xe",
    "detector": "Xe1t",
    "channel": "NR",
    "Er_window_i": 4.0,
    "Er_window_f": 6.0,
    "D_tonne": 100.0,
    "dt_day": 15.0,
    "T_yr": 10.0,
    "P_day": 365.25,
    "t01_day": 3.0,
    "t02_day": 152.5,
    "bias_mod1_counts_sig1only": 0.04299430177164033,
    "bias_phase1_deg_sig1only": -0.9468249967133899,
    "N_toys": 1000,
    "noise_type": "poisson",
    "seed": 42
  },
  "data": [
    {
      "m_chi_GeV": 10000.0,
      "mod2_true_rate": -0.002085238405900863,
      "R2_wimp": 0.06451001013436337,
      "mod2_true_counts": -0.008563607416430648,
      "median_mod2_fit_counts": 0.04704384672232066,
      "mean_Phase2_fit_rad": 5.612302045077683,
      "std_Phase2_fit_rad": 2.077586217225729,
      "bias_mod1_counts": 0.04384213599641776,
      "bias_phase1_deg": -7.053878778314193,
      "Ad1_nu": 0.03342,
      "R1_nu": 0.04857979118876944,
      "N1_nu_in_bin": 0.1995063293173283
    },
    {
      "m_chi_GeV": 1000.0,
      "mod2_true_rate": -0.002082600115560237,
      "R2_wimp": 0.06521035254179076,
      "mod2_true_counts": -0.008552772548502001,
      "median_mod2_fit_counts": 0.04692382501536316,
      "mean_Phase2_fit_rad": 5.602135741084264,
      "std_Phase2_fit_rad": 2.0766656274953736,
      "bias_mod1_counts": 0.04382388113564558,
      "bias_phase1_deg": -7.1752584553481435,
      "Ad1_nu": 0.03342,
      "R1_nu": 0.04857979118876944,
      "N1_nu_in_bin": 0.1995063293173283
    },
    {
      "m_chi_GeV": 100.0,
      "mod2_true_rate": -0.0018231611903076507,
      "R2_wimp": 0.07052925298934282,
      "mod2_true_counts": -0.007487314949928751,
      "median_mod2_fit_counts": 0.046321434930599356,
      "mean_Phase2_fit_rad": 5.5461666219808645,
      "std_Phase2_fit_rad": 2.2393621140272386,
      "bias_mod1_counts": 0.044314600344602856,
      "bias_phase1_deg": -6.088639236513611,
      "Ad1_nu": 0.03342,
      "R1_nu": 0.04857979118876944,
      "N1_nu_in_bin": 0.1995063293173283
    },
    {
      "m_chi_GeV": 20.0,
      "mod2_true_rate": 0.0067651777437781795,
      "R2_wimp": 0.3676305552657273,
      "mod2_true_counts": 0.02778307081633749,
      "median_mod2_fit_counts": 0.05714099823671881,
      "mean_Phase2_fit_rad": 2.5246215629926394,
      "std_Phase2_fit_rad": 1.3485872053004784,
      "bias_mod1_counts": 0.05157248704219756,
      "bias_phase1_deg": 33.540777479037715,
      "Ad1_nu": 0.03342,
      "R1_nu": 0.04857979118876944,
      "N1_nu_in_bin": 0.1995063293173283
    },
    {
      "m_chi_GeV": 30.0,
      "mod2_true_rate": 0.0008680401846895662,
      "R2_wimp": 0.1640946199223636,
      "mod2_true_counts": 0.0035648467543719347,
      "median_mod2_fit_counts": 0.047471354402026544,
      "mean_Phase2_fit_rad": 2.295532188010457,
      "std_Phase2_fit_rad": 2.1637175600482537,
      "bias_mod1_counts": 0.04430193539351428,
      "bias_phase1_deg": 8.953699603703962,
      "Ad1_nu": 0.03342,
      "R1_nu": 0.04857979118876944,
      "N1_nu_in_bin": 0.1995063293173283
    },
    {
      "m_chi_GeV": 40.0,
      "mod2_true_rate": -0.0006045316769805666,
      "R2_wimp": 0.11050683845673721,
      "mod2_true_counts": -0.0024826762915013,
      "median_mod2_fit_counts": 0.047071369166594705,
      "mean_Phase2_fit_rad": 4.375412394439466,
      "std_Phase2_fit_rad": 2.6295016107263955,
      "bias_mod1_counts": 0.04372714372617685,
      "bias_phase1_deg": -0.005731701121378702,
      "Ad1_nu": 0.03342,
      "R1_nu": 0.04857979118876944,
      "N1_nu_in_bin": 0.1995063293173283
    },
    {
      "m_chi_GeV": 5000.0,
      "mod2_true_rate": -0.002090012619350421,
      "R2_wimp": 0.08849529859210058,
      "mod2_true_counts": -0.008583214042506861,
      "median_mod2_fit_counts": 0.04692382501536316,
      "mean_Phase2_fit_rad": 5.639461308089916,
      "std_Phase2_fit_rad": 2.080824518819472,
      "bias_mod1_counts": 0.043846732207263164,
      "bias_phase1_deg": -6.712712540964049,
      "Ad1_nu": 0.03342,
      "R1_nu": 0.04857979118876944,
      "N1_nu_in_bin": 0.1995063293173283
    },
    {
      "m_chi_GeV": 500.0,
      "mod2_true_rate": -0.0020340166113194634,
      "R2_wimp": 0.06474001704481719,
      "mod2_true_counts": -0.008353250970511143,
      "median_mod2_fit_counts": 0.04552805547747517,
      "mean_Phase2_fit_rad": 5.705553443836069,
      "std_Phase2_fit_rad": 1.9825004995999946,
      "bias_mod1_counts": 0.04394511394721755,
      "bias_phase1_deg": -5.560867029288643,
      "Ad1_nu": 0.03342,
      "R1_nu": 0.04857979118876944,
      "N1_nu_in_bin": 0.1995063293173283
    },
    {
      "m_chi_GeV": 50.0,
      "mod2_true_rate": -0.0011664047643428835,
      "R2_wimp": 0.06465660175538485,
      "mod2_true_counts": -0.004790163303256195,
      "median_mod2_fit_counts": 0.04617937023721816,
      "mean_Phase2_fit_rad": 5.434763771780267,
      "std_Phase2_fit_rad": 2.2168593630437847,
      "bias_mod1_counts": 0.043563223852837986,
      "bias_phase1_deg": -7.393274982074701,
      "Ad1_nu": 0.03342,
      "R1_nu": 0.04857979118876944,
      "N1_nu_in_bin": 0.1995063293173283
    },
    {
      "m_chi_GeV": 60.0,
      "mod2_true_rate": -0.0014459119511613541,
      "R2_wimp": 0.08103060950168661,
      "mod2_true_counts": -0.0059380367604162385,
      "median_mod2_fit_counts": 0.04716747914424625,
      "mean_Phase2_fit_rad": 6.052852933178857,
      "std_Phase2_fit_rad": 2.318734130164104,
      "bias_mod1_counts": 0.04439588748624088,
      "bias_phase1_deg": -0.5752849954079794,
      "Ad1_nu": 0.03342,
      "R1_nu": 0.04857979118876944,
      "N1_nu_in_bin": 0.1995063293173283
    },
    {
      "m_chi_GeV": 70.0,
      "mod2_true_rate": -0.001597994624296635,
      "R2_wimp": 0.07707825834035065,
      "mod2_true_counts": -0.006562606259945113,
      "median_mod2_fit_counts": 0.047266911895236095,
      "mean_Phase2_fit_rad": 6.0826487694024225,
      "std_Phase2_fit_rad": 2.244042386562345,
      "bias_mod1_counts": 0.0441081158921115,
      "bias_phase1_deg": -3.6464655170662206,
      "Ad1_nu": 0.03342,
      "R1_nu": 0.04857979118876944,
      "N1_nu_in_bin": 0.1995063293173283
    },
    {
      "m_chi_GeV": 80.0,
      "mod2_true_rate": -0.0017164141045942112,
      "R2_wimp": 0.0,
      "mod2_true_counts": -0.007048928560961852,
      "median_mod2_fit_counts": 0.045757006816395704,
      "mean_Phase2_fit_rad": 6.0648851003675395,
      "std_Phase2_fit_rad": 2.1875907196597097,
      "bias_mod1_counts": 0.044330686844826876,
      "bias_phase1_deg": -0.9044041723486339,
      "Ad1_nu": 0.03342,
      "R1_nu": 0.04857979118876944,
      "N1_nu_in_bin": 0.1995063293173283
    },
    {
      "m_chi_GeV": 90.0,
      "mod2_true_rate": -0.0017788952510479526,
      "R2_wimp": 0.07417829826173697,
      "mod2_true_counts": -0.00730552464496079,
      "median_mod2_fit_counts": 0.0460830287709583,
      "mean_Phase2_fit_rad": 5.3991600055091595,
      "std_Phase2_fit_rad": 2.241398055858821,
      "bias_mod1_counts": 0.04390273128780837,
      "bias_phase1_deg": -7.543905542782957,
      "Ad1_nu": 0.03342,
      "R1_nu": 0.04857979118876944,
      "N1_nu_in_bin": 0.1995063293173283
    }
  ]
}