{
  "meta": {
    "signal1_sources": [
      "pp",
      "Be7_384",
      "Be7_861",
      "pep",
      "N13",
      "O15",
      "F17",
      "8B",
      "hep"
    ],
    "target": "Xe",
    "detector": "Xe1t",
    "channel": "NR",
    "Er_window_i": 2.0,
    "Er_window_f": 4.0,
    "D_tonne": 100.0,
    "dt_day": 15.0,
    "T_yr": 10.0,
    "P_day": 365.25,
    "t01_day": 3.0,
    "t02_day": 152.5,
    "bias_mod1_counts_sig1only": 0.12351215993465336,
    "bias_phase1_deg_sig1only": 0.36615911704312964,
    "N_toys": 1000,
    "noise_type": "poisson",
    "seed": 42
  },
  "data": [
    {
      "m_chi_GeV": 10000.0,
      "mod2_true_rate": -0.0010013206918891911,
      "R2_wimp": 0.03040423361757939,
      "mod2_true_counts": -0.004112199966690723,
      "median_mod2_fit_counts": 0.8448766608886945,
      "mean_Phase2_fit_rad": 3.6086964008296047,
      "std_Phase2_fit_rad": 3.0750604844950096,
      "bias_mod1_counts": 0.10865975895174396,
      "bias_phase1_deg": -0.020446889922695388,
      "Ad1_nu": 0.03342,
      "R1_nu": 15.022911598705202,
      "N1_nu_in_bin": 61.695735518296516
    },
    {
      "m_chi_GeV": 1000.0,
      "mod2_true_rate": -0.0010061185433595649,
      "R2_wimp": 0.030780438724063223,
      "mod2_true_counts": -0.0041319036688277815,
      "median_mod2_fit_counts": 0.8448766608886945,
      "mean_Phase2_fit_rad": 3.611578885433887,
      "std_Phase2_fit_rad": 3.0756238262555753,
      "bias_mod1_counts": 0.10867602257453424,
      "bias_phase1_deg": -0.02091119760498292,
      "Ad1_nu": 0.03342,
      "R1_nu": 15.022911598705202,
      "N1_nu_in_bin": 61.695735518296516
    },
    {
      "m_chi_GeV": 100.0,
      "mod2_true_rate": -0.0009826643879438527,
      "R2_wimp": 0.03410262080738693,
      "mod2_true_counts": -0.0040355827020281424,
      "median_mod2_fit_counts": 0.8448766608886945,
      "mean_Phase2_fit_rad": 3.6047003775100475,
      "std_Phase2_fit_rad": 3.0746621674932237,
      "bias_mod1_counts": 0.10862487722487302,
      "bias_phase1_deg": -0.020232363127919893,
      "Ad1_nu": 0.03342,
      "R1_nu": 15.022911598705202,
      "N1_nu_in_bin": 61.695735518296516
    },
    {
      "m_chi_GeV": 10.0,
      "mod2_true_rate": 0.08471309960372475,
      "R2_wimp": 0.8214152818777058,
      "mod2_true_counts": 0.3478977396456868,
      "median_mod2_fit_counts": 0.8989618283443611,
      "mean_Phase2_fit_rad": 2.552973381865977,
      "std_Phase2_fit_rad": 1.5400917196687718,
      "bias_mod1_counts": -0.1262723445574423,
      "bias_phase1_deg": 5.92806514936837,
      "Ad1_nu": 0.03342,
      "R1_nu": 15.022911598705202,
      "N1_nu_in_bin": 61.695735518296516
    },
    {
      "m_chi_GeV": 20.0,
      "mod2_true_rate": 0.0018800606158485935,
      "R2_wimp": 0.11315012001435137,
      "mod2_true_counts": 0.007720988155435702,
      "median_mod2_fit_counts": 0.830171565783514,
      "mean_Phase2_fit_rad": 1.6476168890102607,
      "std_Phase2_fit_rad": 2.5459281080132956,
      "bias_mod1_counts": 0.11861358596624028,
      "bias_phase1_deg": 1.3434151711876952,
      "Ad1_nu": 0.03342,
      "R1_nu": 15.022911598705202,
      "N1_nu_in_bin": 61.695735518296516
    },
    {
      "m_chi_GeV": 30.0,
      "mod2_true_rate": -0.0004373104219880704,
      "R2_wimp": 0.062177206887150366,
      "mod2_true_counts": -0.0017959360245916646,
      "median_mod2_fit_counts": 0.8483476853493673,
      "mean_Phase2_fit_rad": 6.070602328888123,
      "std_Phase2_fit_rad": 2.768839234826154,
      "bias_mod1_counts": 0.14896749673322418,
      "bias_phase1_deg": 0.22023021333397214,
      "Ad1_nu": 0.03342,
      "R1_nu": 15.022911598705202,
      "N1_nu_in_bin": 61.695735518296516
    },
    {
      "m_chi_GeV": 40.0,
      "mod2_true_rate": -0.000776345897996437,
      "R2_wimp": 0.046400589480045266,
      "mod2_true_counts": -0.0031882788418744843,
      "median_mod2_fit_counts": 0.8483812937807974,
      "mean_Phase2_fit_rad": 2.992616497632928,
      "std_Phase2_fit_rad": 2.841633946309725,
      "bias_mod1_counts": 0.11471933195124828,
      "bias_phase1_deg": 0.534431766545623,
      "Ad1_nu": 0.03342,
      "R1_nu": 15.022911598705202,
      "N1_nu_in_bin": 61.695735518296516
    },
    {
      "m_chi_GeV": 5000.0,
      "mod2_true_rate": -0.0010041557299842257,
      "R2_wimp": 0.03051455974098451,
      "mod2_true_counts": -0.004123842833610783,
      "median_mod2_fit_counts": 0.8448766608886945,
      "mean_Phase2_fit_rad": 3.611306751104368,
      "std_Phase2_fit_rad": 3.0753778362141477,
      "bias_mod1_counts": 0.10866315805686755,
      "bias_phase1_deg": -0.020677973653455733,
      "Ad1_nu": 0.03342,
      "R1_nu": 15.022911598705202,
      "N1_nu_in_bin": 61.695735518296516
    },
    {
      "m_chi_GeV": 500.0,
      "mod2_true_rate": -0.0009900444016892219,
      "R2_wimp": 0.030573079506194072,
      "mod2_true_counts": -0.00406589076669085,
      "median_mod2_fit_counts": 0.8448766608886945,
      "mean_Phase2_fit_rad": 3.604267593346525,
      "std_Phase2_fit_rad": 3.075157487470472,
      "bias_mod1_counts": 0.10865227540281097,
      "bias_phase1_deg": -0.019864443408533113,
      "Ad1_nu": 0.03342,
      "R1_nu": 15.022911598705202,
      "N1_nu_in_bin": 61.695735518296516
    },
    {
      "m_chi_GeV": 50.0,
      "mod2_true_rate": -0.0008850892901756005,
      "R2_wimp": 0.041101648314698286,
      "mod2_true_counts": -0.003634863614684191,
      "median_mod2_fit_counts": 0.8467817929822359,
      "mean_Phase2_fit_rad": 3.0693875576103413,
      "std_Phase2_fit_rad": 2.833534683438837,
      "bias_mod1_counts": 0.1156458992971392,
      "bias_phase1_deg": 0.4743562221182247,
      "Ad1_nu": 0.03342,
      "R1_nu": 15.022911598705202,
      "N1_nu_in_bin": 61.695735518296516
    },
    {
      "m_chi_GeV": 60.0,
      "mod2_true_rate": -0.0009328432480234062,
      "R2_wimp": 0.038377276587674355,
      "mod2_true_counts": -0.003830978431307623,
      "median_mod2_fit_counts": 0.8467817929822359,
      "mean_Phase2_fit_rad": 3.1152579754973813,
      "std_Phase2_fit_rad": 2.81936563700982,
      "bias_mod1_counts": 0.11557642338266261,
      "bias_phase1_deg": 0.46157322913771687,
      "Ad1_nu": 0.03342,
      "R1_nu": 15.022911598705202,
      "N1_nu_in_bin": 61.695735518296516
    },
    {
      "m_chi_GeV": 70.0,
      "mod2_true_rate": -0.0009519173460657632,
      "R2_wimp": 3.7664310859691597,
      "mod2_true_counts": -0.003909311482816276,
      "median_mod2_fit_counts": 0.8448766608886945,
      "mean_Phase2_fit_rad": 3.4713782452015787,
      "std_Phase2_fit_rad": 3.0700950867156664,
      "bias_mod1_counts": 0.10739865906009216,
      "bias_phase1_deg": 0.02038378722932704,
      "Ad1_nu": 0.03342,
      "R1_nu": 15.022911598705202,
      "N1_nu_in_bin": 61.695735518296516
    },
    {
      "m_chi_GeV": 80.0,
      "mod2_true_rate": -0.0009753238964686163,
      "R2_wimp": 0.03650483514466331,
      "mod2_true_counts": -0.004005436946483024,
      "median_mod2_fit_counts": 0.8448766608886945,
      "mean_Phase2_fit_rad": 3.6048386798803134,
      "std_Phase2_fit_rad": 3.074143542449325,
      "bias_mod1_counts": 0.1086112155147223,
      "bias_phase1_deg": -0.019881667862315024,
      "Ad1_nu": 0.03342,
      "R1_nu": 15.022911598705202,
      "N1_nu_in_bin": 61.695735518296516
    },
    {
      "m_chi_GeV": 90.0,
      "mod2_true_rate": -0.0009799932017144713,
      "R2_wimp": 0.03574272960139432,
      "mod2_true_counts": -0.00402461273804711,
      "median_mod2_fit_counts": 0.8448766608886945,
      "mean_Phase2_fit_rad": 3.60319255805146,
      "std_Phase2_fit_rad": 3.0743540036072408,
      "bias_mod1_counts": 0.10861791691533851,
      "bias_phase1_deg": -0.019629602497387103,
      "Ad1_nu": 0.03342,
      "R1_nu": 15.022911598705202,
      "N1_nu_in_bin": 61.695735518296516
    }
  ]
}